INSERT INTO public.addresses (id, country, city, address, created_at, updated_at) VALUES
(1, 'Austria','Buôn Ma Thuột','P.O. Box 756, 1324 At, Rd.', '2011-09-21 06:26:03', '2017-03-21 18:04:28'),
(2, 'Mexico', 'Sauda', '878-9147 Enim Av.', '2015-09-15 23:55:29', '2017-06-19 08:03:10'),
(3, 'Poland', 'Virginal-Samme', 'Ap #395-7795 Consectetuer St.', '2018-11-28 03:18:53', '2020-05-06 01:43:10'),
(4, 'Austria', 'Novo Hamburgo', 'Ap #132-8501 Magna Av.', '2022-01-20 11:22:01', '2022-07-02 23:54:54'),
(5, 'New Zealand', 'Imphal', '602-9898 Diam Rd.', '2016-02-26 13:05:32', '2016-09-02 16:45:48');

INSERT INTO products_workers.shoppers (id, address_id, name, surname, phone, email, password, created_at, updated_at) VALUES
(1, 4, 'Gretchen', 'Bentley', '(624) 641-3771', 'placerat.velit@protonmail.org', 'rX*9iJP#U#ibM3^7jhyym7', '2019-07-09 02:52:37', '2020-01-14 21:28:17'),
(2, 1, 'Quynn', 'Blankenship', '(942) 881-8837', 'eu.metus@yahoo.couk', 'nyb4uA*$7UcqL$%44#hZ4k', '2018-07-16 15:45:47', '2022-02-16 05:02:16'),
(3, 2, 'Ella', 'su ''Pickett', '(775) 323-6714', 'vivamus.nibh.dolor@icloud.couk', 'roHi!cxW739!N57rXQ%ydc', '2010-07-01 01:44:27', '2014-10-29 04:39:30'),
(4, 3, 'Unity', 'Howell', '(163) 502-4509', 'cras.vulputate@google.com', 'zufWn5Z#$$59Y5$eH5fgDd', '2012-02-21 18:52:09', '2015-07-06 14:33:18'),
(5, 1, 'Elijah', 'Jensen', '(850) 831-2481', 'nisi.dictum@aol.edu', '!v%i8tJ&f879PfK4a8H7#8', '2011-03-15 16:33:42', '2014-07-14 20:11:38');

INSERT INTO products_workers.producers (id, address_id, title, phone, created_at, updated_at) VALUES
(1, 4, 'Sit Ltd', '(371) 372-3829', '2011-02-16 13:24:02', '2016-03-12 07:07:14'),
(2, 3, 'Sony', '(630) 996-5572', '2022-01-27 12:23:52', '2022-08-28 19:20:47'),
(3, 3, 'Nec Leo Morbi Corp.', '(838) 647-3514', '2014-09-28 02:12:26', '2017-04-27 11:06:50'),
(4, 2, 'Tissot', '(133) 260-5078', '2010-08-07 21:55:00', '2018-02-09 17:17:30'),
(5, 3, 'Vitae Erat Consulting', '(877) 571-4167', '2013-09-17 22:01:38', '2014-03-23 19:24:07'),
(6, 5, 'Huawei', '(208) 518-1208', '2016-05-17 06:30:41', '2018-08-17 03:25:15'),
(7, 3, 'Merci', '(394) 448-3462', '2015-04-14 03:00:51', '2017-06-13 07:19:25'),
(8, 3, 'Dell', '(631) 658-2835', '2021-04-28 23:10:44', '2022-05-17 08:00:10'),
(9, 3, 'Lenovo', '(675) 871-4861', '2016-04-16 17:12:01', '2016-10-23 03:44:37'),
(10, 4,'Asus', '(624) 171-5945', '2018-11-22 11:56:59', '2019-10-30 03:47:40');

INSERT INTO products.categories(id, title) VALUES
(1, 'Одежда'),
(2, 'Еда'),
(3, 'Телефоны'),
(4, 'Наушники'),
(5, 'Компьютеры'),
(6, 'Часы'),
(7, 'Игрушки');

INSERT INTO products.products (id, category_id, title, price, enabled, count, created_at, updated_at) VALUES
(1, 7, 'Bear', '60424.32', false, 42, '2007-07-24 23:05:52', '2021-05-11 21:25:17'),
(2, 4, 'Sony XS7', '20137.16', false, 21, '2006-12-03 08:42:02', '2022-06-30 22:45:50'),
(3, 7, 'Ball', '93983.13', true, 14, '2005-03-20 04:43:43', '2019-01-26 13:35:35'),
(4, 5, 'Dell XPS 13', '22422.01', true, 29, '2014-04-19 20:44:30', '2014-04-19 20:44:30'),
(5, 5, 'Lenovo Yoga Slim 7', '6378.57', true, 32, '2005-02-10 08:56:52', '2007-11-12 23:20:41'),
(6, 5, 'Lenovo Yoga Slim 7 Pro', '18582.08', false, 36, '2009-09-25 05:42:21', '2019-07-08 03:34:28'),
(7, 5, 'Asus ZenBook 13', '15217.93', true, 37, '2017-05-26 21:16:02', '2020-08-25 11:23:00'),
(8, 1, 'Skirt', '43914.11', true, 18, '2019-01-08 07:59:30', '2019-01-08 07:59:30'),
(9, 4, 'Huawei Freebuds Studio', '43019.45', true, 25, '2006-06-03 23:09:16', '2010-07-28 19:55:21'),
(10, 6, 'Huawei Watch GT', '46613.84', true, 8, '2014-08-22 10:31:58', '2014-08-22 10:31:58'),
(11, 6, 'Tissot PRX', '5192.89', false, 18, '2008-12-03 16:55:52', '2021-09-22 22:53:46'),
(12, 4, 'Huawei Freebuds Pro', '8452.64', true, 48, '2004-01-29 14:32:34', '2006-08-05 15:53:18'),
(13, 3, 'Huawei Mate 40 Pro', '34011.66', false, 37, '2003-02-01 09:19:34', '2010-10-03 23:31:56'),
(14, 6, 'Huawei Band 6', '37283.01', false, 34, '2013-07-30 18:25:01', '2013-07-30 18:25:01'),
(15, 2, 'Шоколад Merci', '59454.87', true, 46, '2011-07-20 09:20:42', '2017-07-09 06:01:19');

INSERT INTO producers_products (id, producer_id, product_id) VALUES
(1, 3, 1),
(2, 2, 2),
(3, 5, 3),
(4, 8, 4),
(5, 9, 5),
(6, 9, 6),
(7, 10, 7),
(8, 3, 8),
(9, 6, 9),
(10, 6, 10),
(11, 7, 11),
(12, 6, 12),
(13, 6, 13),
(14, 6, 14),
(15, 7, 15);

INSERT INTO products_workers.suppliers (id, title, phone, created_at, updated_at) VALUES
(1,'Lucian Coleman','(253) 664-5365','2010-06-08 04:24:22','2018-07-27 14:44:40'),
(2,'Bruno Foley','(470) 776-6760','2011-09-01 21:43:23','2016-09-04 21:22:57'),
(3,'Thaddeus Tucker','1-784-872-8536','2011-11-19 18:21:09','2021-11-26 05:52:18'),
(4,'Nyssa Cardenas','1-457-559-7801','2012-12-04 06:44:14','2016-12-09 13:13:39'),
(5,'Asher Anderson','1-148-572-8568','2010-12-15 03:28:06','2016-05-06 12:08:40');

INSERT INTO products_workers.purchases (id, shopper_id, address_id, amount, paid, created_at, updated_at) VALUES
(1,2,2,'790.73','true','2010-06-08 04:24:22','2018-07-27 14:44:40'),
(2,4,1,'309.38','true','2011-09-01 21:43:23','2016-09-04 21:22:57'),
(3,3,2,'165.70','false','2011-11-19 18:21:09','2021-11-26 05:52:18'),
(4,4,2,'169.40','true','2012-12-04 06:44:14','2016-12-09 13:13:39'),
(5,2,1,'281.09','true','2010-12-15 03:28:06','2016-05-06 12:08:40');

INSERT INTO public.products_purchases (id, product_id, purchase_id) VALUES
(1,8,2),
(2,2,1),
(3,2,2),
(4,9,2),
(5,13,1);